id,name,location,url
1,bulbasaur,Canalave City,https://pokeapi.co/api/v2/pokemon/1/
2,ivysaur,Eterna City,https://pokeapi.co/api/v2/pokemon/2/
3,venusaur,Pastoria City,https://pokeapi.co/api/v2/pokemon/3/
4,charmander,Sunyshore City,https://pokeapi.co/api/v2/pokemon/4/
5,charmeleon,Pokémon League,https://pokeapi.co/api/v2/pokemon/5/
6,charizard,Oreburgh Mine,https://pokeapi.co/api/v2/pokemon/6/
7,squirtle,Valley Windworks,https://pokeapi.co/api/v2/pokemon/7/
8,wartortle,Eterna Forest,https://pokeapi.co/api/v2/pokemon/8/
9,blastoise,Fuego Ironworks,https://pokeapi.co/api/v2/pokemon/9/
10,caterpie,Mt. Coronet,https://pokeapi.co/api/v2/pokemon/10/
11,metapod,Great Marsh,https://pokeapi.co/api/v2/pokemon/11/
12,butterfree,Solaceon Ruins,https://pokeapi.co/api/v2/pokemon/12/
13,weedle,Victory Road,https://pokeapi.co/api/v2/pokemon/13/
14,kakuna,Ravaged Path,https://pokeapi.co/api/v2/pokemon/14/
15,beedrill,Oreburgh Gate,https://pokeapi.co/api/v2/pokemon/15/
16,pidgey,Stark Mountain,https://pokeapi.co/api/v2/pokemon/16/
17,pidgeotto,Spring Path,https://pokeapi.co/api/v2/pokemon/17/
18,pidgeot,Turnback Cave,https://pokeapi.co/api/v2/pokemon/18/
19,rattata,Snowpoint Temple,https://pokeapi.co/api/v2/pokemon/19/
20,raticate,Wayward Cave,https://pokeapi.co/api/v2/pokemon/20/
21,spearow,,https://pokeapi.co/api/v2/pokemon/21/
22,fearow,Ruin Maniac Cave,https://pokeapi.co/api/v2/pokemon/22/
23,ekans,Trophy Garden,https://pokeapi.co/api/v2/pokemon/23/
24,arbok,Iron Island,https://pokeapi.co/api/v2/pokemon/24/
25,pikachu,Old Chateau,https://pokeapi.co/api/v2/pokemon/25/
26,raichu,Lake Verity,https://pokeapi.co/api/v2/pokemon/26/
27,sandshrew,Lake Valor,https://pokeapi.co/api/v2/pokemon/27/
28,sandslash,Lake Acuity,https://pokeapi.co/api/v2/pokemon/28/
29,nidoran-f,Valor Lakefront,https://pokeapi.co/api/v2/pokemon/29/
30,nidorina,Acuity Lakefront,https://pokeapi.co/api/v2/pokemon/30/
31,nidoqueen,Route 201,https://pokeapi.co/api/v2/pokemon/31/
32,nidoran-m,Route 202,https://pokeapi.co/api/v2/pokemon/32/
33,nidorino,Route 203,https://pokeapi.co/api/v2/pokemon/33/
34,nidoking,Route 204,https://pokeapi.co/api/v2/pokemon/34/
35,clefairy,Route 205,https://pokeapi.co/api/v2/pokemon/35/
36,clefable,Route 206,https://pokeapi.co/api/v2/pokemon/36/
37,vulpix,Route 207,https://pokeapi.co/api/v2/pokemon/37/
38,ninetales,Route 208,https://pokeapi.co/api/v2/pokemon/38/
39,jigglypuff,Route 209,https://pokeapi.co/api/v2/pokemon/39/
40,wigglytuff,Lost Tower,https://pokeapi.co/api/v2/pokemon/40/
41,zubat,Route 210,https://pokeapi.co/api/v2/pokemon/41/
42,golbat,Route 211,https://pokeapi.co/api/v2/pokemon/42/
43,oddish,Route 212,https://pokeapi.co/api/v2/pokemon/43/
44,gloom,Route 213,https://pokeapi.co/api/v2/pokemon/44/
45,vileplume,Route 214,https://pokeapi.co/api/v2/pokemon/45/
46,paras,Route 215,https://pokeapi.co/api/v2/pokemon/46/
47,parasect,Route 216,https://pokeapi.co/api/v2/pokemon/47/
48,venonat,Route 217,https://pokeapi.co/api/v2/pokemon/48/
49,venomoth,Route 218,https://pokeapi.co/api/v2/pokemon/49/
50,diglett,Route 219,https://pokeapi.co/api/v2/pokemon/50/
51,dugtrio,Route 221,https://pokeapi.co/api/v2/pokemon/51/
52,meowth,Route 222,https://pokeapi.co/api/v2/pokemon/52/
53,persian,Route 224,https://pokeapi.co/api/v2/pokemon/53/
54,psyduck,Route 225,https://pokeapi.co/api/v2/pokemon/54/
55,golduck,Route 227,https://pokeapi.co/api/v2/pokemon/55/
56,mankey,Route 228,https://pokeapi.co/api/v2/pokemon/56/
57,primeape,Route 229,https://pokeapi.co/api/v2/pokemon/57/
58,growlithe,Twinleaf Town,https://pokeapi.co/api/v2/pokemon/58/
59,arcanine,Celestic Town,https://pokeapi.co/api/v2/pokemon/59/
60,poliwag,Resort Area,https://pokeapi.co/api/v2/pokemon/60/
61,poliwhirl,Sea Route 220,https://pokeapi.co/api/v2/pokemon/61/
62,poliwrath,Sea Route 223,https://pokeapi.co/api/v2/pokemon/62/
63,abra,Sea Route 226,https://pokeapi.co/api/v2/pokemon/63/
64,kadabra,Sea Route 230,https://pokeapi.co/api/v2/pokemon/64/
65,alakazam,Blackthorn City,https://pokeapi.co/api/v2/pokemon/65/
66,machop,Burned Tower,https://pokeapi.co/api/v2/pokemon/66/
67,machoke,Celadon City,https://pokeapi.co/api/v2/pokemon/67/
68,machamp,Cerulean City,https://pokeapi.co/api/v2/pokemon/68/
69,bellsprout,Cherrygrove City,https://pokeapi.co/api/v2/pokemon/69/
70,weepinbell,Cianwood City,https://pokeapi.co/api/v2/pokemon/70/
71,victreebel,Cinnabar Island,https://pokeapi.co/api/v2/pokemon/71/
72,tentacool,Dark Cave,https://pokeapi.co/api/v2/pokemon/72/
73,tentacruel,Diglett's Cave,https://pokeapi.co/api/v2/pokemon/73/
74,geodude,Dragon's Den,https://pokeapi.co/api/v2/pokemon/74/
75,graveler,Ecruteak City,https://pokeapi.co/api/v2/pokemon/75/
76,golem,Fuchsia City,https://pokeapi.co/api/v2/pokemon/76/
77,ponyta,Ice Path,https://pokeapi.co/api/v2/pokemon/77/
78,rapidash,Ilex Forest,https://pokeapi.co/api/v2/pokemon/78/
79,slowpoke,Lake of Rage,https://pokeapi.co/api/v2/pokemon/79/
80,slowbro,Mt. Moon,https://pokeapi.co/api/v2/pokemon/80/
81,magnemite,Mt. Mortar,https://pokeapi.co/api/v2/pokemon/81/
82,magneton,Mt. Silver,https://pokeapi.co/api/v2/pokemon/82/
83,farfetchd,National Park,https://pokeapi.co/api/v2/pokemon/83/
84,doduo,New Bark Town,https://pokeapi.co/api/v2/pokemon/84/
85,dodrio,Olivine City,https://pokeapi.co/api/v2/pokemon/85/
86,seel,Pallet Town,https://pokeapi.co/api/v2/pokemon/86/
87,dewgong,Rock Tunnel,https://pokeapi.co/api/v2/pokemon/87/
88,grimer,Route 1,https://pokeapi.co/api/v2/pokemon/88/
89,muk,Route 10,https://pokeapi.co/api/v2/pokemon/89/
90,shellder,Route 11,https://pokeapi.co/api/v2/pokemon/90/
91,cloyster,Route 12,https://pokeapi.co/api/v2/pokemon/91/
92,gastly,Route 13,https://pokeapi.co/api/v2/pokemon/92/
93,haunter,Route 14,https://pokeapi.co/api/v2/pokemon/93/
94,gengar,Route 15,https://pokeapi.co/api/v2/pokemon/94/
95,onix,Route 16,https://pokeapi.co/api/v2/pokemon/95/
96,drowzee,Route 17,https://pokeapi.co/api/v2/pokemon/96/
97,hypno,Route 18,https://pokeapi.co/api/v2/pokemon/97/
98,krabby,Sea Route 19,https://pokeapi.co/api/v2/pokemon/98/
99,kingler,Route 2,https://pokeapi.co/api/v2/pokemon/99/
100,voltorb,Sea Route 20,https://pokeapi.co/api/v2/pokemon/100/
101,electrode,Sea Route 21,https://pokeapi.co/api/v2/pokemon/101/
102,exeggcute,Route 22,https://pokeapi.co/api/v2/pokemon/102/
103,exeggutor,Route 24,https://pokeapi.co/api/v2/pokemon/103/
104,cubone,Route 25,https://pokeapi.co/api/v2/pokemon/104/
105,marowak,Route 26,https://pokeapi.co/api/v2/pokemon/105/
106,hitmonlee,Route 27,https://pokeapi.co/api/v2/pokemon/106/
107,hitmonchan,Route 28,https://pokeapi.co/api/v2/pokemon/107/
108,lickitung,Route 29,https://pokeapi.co/api/v2/pokemon/108/
109,koffing,Route 3,https://pokeapi.co/api/v2/pokemon/109/
110,weezing,Route 30,https://pokeapi.co/api/v2/pokemon/110/
111,rhyhorn,Route 31,https://pokeapi.co/api/v2/pokemon/111/
112,rhydon,Route 32,https://pokeapi.co/api/v2/pokemon/112/
113,chansey,Route 33,https://pokeapi.co/api/v2/pokemon/113/
114,tangela,Route 34,https://pokeapi.co/api/v2/pokemon/114/
115,kangaskhan,Route 35,https://pokeapi.co/api/v2/pokemon/115/
116,horsea,Route 36,https://pokeapi.co/api/v2/pokemon/116/
117,seadra,Route 37,https://pokeapi.co/api/v2/pokemon/117/
118,goldeen,Route 38,https://pokeapi.co/api/v2/pokemon/118/
119,seaking,Route 39,https://pokeapi.co/api/v2/pokemon/119/
120,staryu,Route 4,https://pokeapi.co/api/v2/pokemon/120/
121,starmie,Sea Route 40,https://pokeapi.co/api/v2/pokemon/121/
122,mr-mime,Sea Route 41,https://pokeapi.co/api/v2/pokemon/122/
123,scyther,Route 42,https://pokeapi.co/api/v2/pokemon/123/
124,jynx,Route 43,https://pokeapi.co/api/v2/pokemon/124/
125,electabuzz,Route 44,https://pokeapi.co/api/v2/pokemon/125/
126,magmar,Route 45,https://pokeapi.co/api/v2/pokemon/126/
127,pinsir,Route 46,https://pokeapi.co/api/v2/pokemon/127/
128,tauros,Route 47,https://pokeapi.co/api/v2/pokemon/128/
129,magikarp,Route 48,https://pokeapi.co/api/v2/pokemon/129/
130,gyarados,Route 5,https://pokeapi.co/api/v2/pokemon/130/
131,lapras,Route 6,https://pokeapi.co/api/v2/pokemon/131/
132,ditto,Route 7,https://pokeapi.co/api/v2/pokemon/132/
133,eevee,Route 8,https://pokeapi.co/api/v2/pokemon/133/
134,vaporeon,Route 9,https://pokeapi.co/api/v2/pokemon/134/
135,jolteon,Ruins of Alph,https://pokeapi.co/api/v2/pokemon/135/
136,flareon,Seafoam Islands,https://pokeapi.co/api/v2/pokemon/136/
137,porygon,Slowpoke Well,https://pokeapi.co/api/v2/pokemon/137/
138,omanyte,Sprout Tower,https://pokeapi.co/api/v2/pokemon/138/
139,omastar,Bell Tower,https://pokeapi.co/api/v2/pokemon/139/
140,kabuto,Tohjo Falls,https://pokeapi.co/api/v2/pokemon/140/
141,kabutops,Union Cave,https://pokeapi.co/api/v2/pokemon/141/
142,aerodactyl,,https://pokeapi.co/api/v2/pokemon/142/
143,snorlax,,https://pokeapi.co/api/v2/pokemon/143/
144,articuno,,https://pokeapi.co/api/v2/pokemon/144/
145,zapdos,,https://pokeapi.co/api/v2/pokemon/145/
146,moltres,,https://pokeapi.co/api/v2/pokemon/146/
147,dratini,Cerulean Cave,https://pokeapi.co/api/v2/pokemon/147/
148,dragonair,Unknown; all Poliwag,https://pokeapi.co/api/v2/pokemon/148/
149,dragonite,Unknown; all Rattata,https://pokeapi.co/api/v2/pokemon/149/
150,mewtwo,Unknown; all bugs,https://pokeapi.co/api/v2/pokemon/150/
151,mew,Vermilion City,https://pokeapi.co/api/v2/pokemon/151/
152,chikorita,Victory Road,https://pokeapi.co/api/v2/pokemon/152/
153,bayleef,Violet City,https://pokeapi.co/api/v2/pokemon/153/
154,meganium,Viridian City,https://pokeapi.co/api/v2/pokemon/154/
155,cyndaquil,Viridian Forest,https://pokeapi.co/api/v2/pokemon/155/
156,quilava,Whirl Islands,https://pokeapi.co/api/v2/pokemon/156/
157,typhlosion,Route 23,https://pokeapi.co/api/v2/pokemon/157/
158,totodile,Power Plant,https://pokeapi.co/api/v2/pokemon/158/
159,croconaw,Victory Road,https://pokeapi.co/api/v2/pokemon/159/
160,feraligatr,Pokémon Tower,https://pokeapi.co/api/v2/pokemon/160/
161,sentret,Pokémon Mansion,https://pokeapi.co/api/v2/pokemon/161/
162,furret,Safari Zone,https://pokeapi.co/api/v2/pokemon/162/
163,hoothoot,Sandgem Town,https://pokeapi.co/api/v2/pokemon/163/
164,noctowl,Floaroma Town,https://pokeapi.co/api/v2/pokemon/164/
165,ledyba,Solaceon Town,https://pokeapi.co/api/v2/pokemon/165/
166,ledian,,https://pokeapi.co/api/v2/pokemon/166/
167,spinarak,Jubilife City,https://pokeapi.co/api/v2/pokemon/167/
168,ariados,Oreburgh City,https://pokeapi.co/api/v2/pokemon/168/
169,crobat,Hearthome City,https://pokeapi.co/api/v2/pokemon/169/
170,chinchou,Veilstone City,https://pokeapi.co/api/v2/pokemon/170/
171,lanturn,Snowpoint City,https://pokeapi.co/api/v2/pokemon/171/
172,pichu,Spear Pillar,https://pokeapi.co/api/v2/pokemon/172/
173,cleffa,Pal Park,https://pokeapi.co/api/v2/pokemon/173/
174,igglybuff,Amity Square,https://pokeapi.co/api/v2/pokemon/174/
175,togepi,Floaroma Meadow,https://pokeapi.co/api/v2/pokemon/175/
176,togetic,,https://pokeapi.co/api/v2/pokemon/176/
177,natu,Fullmoon Island,https://pokeapi.co/api/v2/pokemon/177/
178,xatu,Sendoff Spring,https://pokeapi.co/api/v2/pokemon/178/
179,mareep,Flower Paradise,https://pokeapi.co/api/v2/pokemon/179/
180,flaaffy,Maniac Tunnel,https://pokeapi.co/api/v2/pokemon/180/
181,ampharos,Galactic HQ,https://pokeapi.co/api/v2/pokemon/181/
182,bellossom,Verity Lakefront,https://pokeapi.co/api/v2/pokemon/182/
183,marill,Newmoon Island,https://pokeapi.co/api/v2/pokemon/183/
184,azumarill,Battle Tower,https://pokeapi.co/api/v2/pokemon/184/
185,sudowoodo,Fight Area,https://pokeapi.co/api/v2/pokemon/185/
186,politoed,Survival Area,https://pokeapi.co/api/v2/pokemon/186/
187,hoppip,Seabreak Path,https://pokeapi.co/api/v2/pokemon/187/
188,skiploom,Hall of Origin,https://pokeapi.co/api/v2/pokemon/188/
189,jumpluff,Hall of Origin,https://pokeapi.co/api/v2/pokemon/189/
190,aipom,Verity Cavern,https://pokeapi.co/api/v2/pokemon/190/
191,sunkern,Valor Cavern,https://pokeapi.co/api/v2/pokemon/191/
192,sunflora,Acuity Cavern,https://pokeapi.co/api/v2/pokemon/192/
193,yanma,Jubilife TV,https://pokeapi.co/api/v2/pokemon/193/
194,wooper,Pokétch Co.,https://pokeapi.co/api/v2/pokemon/194/
195,quagsire,GTS,https://pokeapi.co/api/v2/pokemon/195/
196,espeon,Trainers’ School,https://pokeapi.co/api/v2/pokemon/196/
197,umbreon,Mining Museum,https://pokeapi.co/api/v2/pokemon/197/
198,murkrow,Flower Shop,https://pokeapi.co/api/v2/pokemon/198/
199,slowking,Cycle Shop,https://pokeapi.co/api/v2/pokemon/199/
200,misdreavus,Contest Hall,https://pokeapi.co/api/v2/pokemon/200/
201,unown,Poffin House,https://pokeapi.co/api/v2/pokemon/201/
202,wobbuffet,Foreign Building,https://pokeapi.co/api/v2/pokemon/202/
203,girafarig,Pokémon Day Care,https://pokeapi.co/api/v2/pokemon/203/
204,pineco,Veilstone Store,https://pokeapi.co/api/v2/pokemon/204/
205,forretress,Game Corner,https://pokeapi.co/api/v2/pokemon/205/
206,dunsparce,Canalave Library,https://pokeapi.co/api/v2/pokemon/206/
207,gligar,Vista Lighthouse,https://pokeapi.co/api/v2/pokemon/207/
208,steelix,Sunyshore Market,https://pokeapi.co/api/v2/pokemon/208/
209,snubbull,Footstep House,https://pokeapi.co/api/v2/pokemon/209/
210,granbull,Café,https://pokeapi.co/api/v2/pokemon/210/
211,qwilfish,Grand Lake,https://pokeapi.co/api/v2/pokemon/211/
212,scizor,Restaurant,https://pokeapi.co/api/v2/pokemon/212/
213,shuckle,Battle Park,https://pokeapi.co/api/v2/pokemon/213/
214,heracross,Battle Frontier,https://pokeapi.co/api/v2/pokemon/214/
215,sneasel,Battle Factory,https://pokeapi.co/api/v2/pokemon/215/
216,teddiursa,Battle Castle,https://pokeapi.co/api/v2/pokemon/216/
217,ursaring,Battle Arcade,https://pokeapi.co/api/v2/pokemon/217/
218,slugma,Battle Hall,https://pokeapi.co/api/v2/pokemon/218/
219,magcargo,Distortion World,https://pokeapi.co/api/v2/pokemon/219/
220,swinub,Global Terminal,https://pokeapi.co/api/v2/pokemon/220/
221,piloswine,Villa,https://pokeapi.co/api/v2/pokemon/221/
222,corsola,Battleground,https://pokeapi.co/api/v2/pokemon/222/
223,remoraid,ROTOM's Room,https://pokeapi.co/api/v2/pokemon/223/
224,octillery,T.G. Eterna Bldg,https://pokeapi.co/api/v2/pokemon/224/
225,delibird,Iron Ruins,https://pokeapi.co/api/v2/pokemon/225/
226,mantine,Iceberg Ruins,https://pokeapi.co/api/v2/pokemon/226/
227,skarmory,Rock Peak Ruins,https://pokeapi.co/api/v2/pokemon/227/
228,houndour,Azalea Town,https://pokeapi.co/api/v2/pokemon/228/
229,houndoom,Goldenrod City,https://pokeapi.co/api/v2/pokemon/229/
230,kingdra,Mahogany Town,https://pokeapi.co/api/v2/pokemon/230/
231,phanpy,Pewter City,https://pokeapi.co/api/v2/pokemon/231/
232,donphan,Lavender Town,https://pokeapi.co/api/v2/pokemon/232/
233,porygon2,Indigo Plateau,https://pokeapi.co/api/v2/pokemon/233/
234,stantler,Saffron City,https://pokeapi.co/api/v2/pokemon/234/
235,smeargle,,https://pokeapi.co/api/v2/pokemon/235/
236,tyrogue,Lighthouse,https://pokeapi.co/api/v2/pokemon/236/
237,hitmontop,Team Rocket HQ,https://pokeapi.co/api/v2/pokemon/237/
238,smoochum,Goldenrod Tunnel,https://pokeapi.co/api/v2/pokemon/238/
239,elekid,Mt. Silver Cave,https://pokeapi.co/api/v2/pokemon/239/
240,magby,,https://pokeapi.co/api/v2/pokemon/240/
241,miltank,Pokéathlon Dome,https://pokeapi.co/api/v2/pokemon/241/
242,blissey,S.S. Aqua,https://pokeapi.co/api/v2/pokemon/242/
243,raikou,Safari Zone Gate,https://pokeapi.co/api/v2/pokemon/243/
244,entei,Cliff Cave,https://pokeapi.co/api/v2/pokemon/244/
245,suicune,Frontier Access,https://pokeapi.co/api/v2/pokemon/245/
246,larvitar,Bellchime Trail,https://pokeapi.co/api/v2/pokemon/246/
247,pupitar,Sinjoh Ruins,https://pokeapi.co/api/v2/pokemon/247/
248,tyranitar,Embedded Tower,https://pokeapi.co/api/v2/pokemon/248/
249,lugia,Pokéwalker,https://pokeapi.co/api/v2/pokemon/249/
250,ho-oh,Cliff Edge Gate,https://pokeapi.co/api/v2/pokemon/250/
251,celebi,,https://pokeapi.co/api/v2/pokemon/251/
252,treecko,Radio Tower,https://pokeapi.co/api/v2/pokemon/252/
253,grovyle,Day-Care Couple,https://pokeapi.co/api/v2/pokemon/253/
254,sceptile,Link trade (arrive),https://pokeapi.co/api/v2/pokemon/254/
255,torchic,Link trade (met),https://pokeapi.co/api/v2/pokemon/255/
256,combusken,Kanto,https://pokeapi.co/api/v2/pokemon/256/
257,blaziken,Johto,https://pokeapi.co/api/v2/pokemon/257/
258,mudkip,Hoenn,https://pokeapi.co/api/v2/pokemon/258/
259,marshtomp,Sinnoh,https://pokeapi.co/api/v2/pokemon/259/
260,swampert,Distant land,https://pokeapi.co/api/v2/pokemon/260/
261,poochyena,Traveling Man,https://pokeapi.co/api/v2/pokemon/261/
262,mightyena,Riley,https://pokeapi.co/api/v2/pokemon/262/
263,zigzagoon,Cynthia,https://pokeapi.co/api/v2/pokemon/263/
264,linoone,Mystery Zone,https://pokeapi.co/api/v2/pokemon/264/
265,wurmple,Lovely place,https://pokeapi.co/api/v2/pokemon/265/
266,silcoon,Pokémon Ranger,https://pokeapi.co/api/v2/pokemon/266/
267,beautifly,Faraway place,https://pokeapi.co/api/v2/pokemon/267/
268,cascoon,Pokémon Movie,https://pokeapi.co/api/v2/pokemon/268/
269,dustox,Pokémon Movie 06,https://pokeapi.co/api/v2/pokemon/269/
270,lotad,Pokémon Movie 07,https://pokeapi.co/api/v2/pokemon/270/
271,lombre,Pokémon Movie 08,https://pokeapi.co/api/v2/pokemon/271/
272,ludicolo,Pokémon Movie 09,https://pokeapi.co/api/v2/pokemon/272/
273,seedot,Pokémon Movie 10,https://pokeapi.co/api/v2/pokemon/273/
274,nuzleaf,Pokémon Movie 11,https://pokeapi.co/api/v2/pokemon/274/
275,shiftry,Pokémon Movie 12,https://pokeapi.co/api/v2/pokemon/275/
276,taillow,Pokémon Movie 13,https://pokeapi.co/api/v2/pokemon/276/
277,swellow,Pokémon Movie 14,https://pokeapi.co/api/v2/pokemon/277/
278,wingull,Pokémon Movie 15,https://pokeapi.co/api/v2/pokemon/278/
279,pelipper,Pokémon Movie 16,https://pokeapi.co/api/v2/pokemon/279/
280,ralts,Pokémon Cartoon,https://pokeapi.co/api/v2/pokemon/280/
281,kirlia,Space World,https://pokeapi.co/api/v2/pokemon/281/
282,gardevoir,Space World 06,https://pokeapi.co/api/v2/pokemon/282/
283,surskit,Space World 07,https://pokeapi.co/api/v2/pokemon/283/
284,masquerain,Space World 08,https://pokeapi.co/api/v2/pokemon/284/
285,shroomish,Space World 09,https://pokeapi.co/api/v2/pokemon/285/
286,breloom,Space World 10,https://pokeapi.co/api/v2/pokemon/286/
287,slakoth,Space World 11,https://pokeapi.co/api/v2/pokemon/287/
288,vigoroth,Space World 12,https://pokeapi.co/api/v2/pokemon/288/
289,slaking,Space World 13,https://pokeapi.co/api/v2/pokemon/289/
290,nincada,Space World 14,https://pokeapi.co/api/v2/pokemon/290/
291,ninjask,Space World 15,https://pokeapi.co/api/v2/pokemon/291/
292,shedinja,Space World 16,https://pokeapi.co/api/v2/pokemon/292/
293,whismur,Pokémon Festa,https://pokeapi.co/api/v2/pokemon/293/
294,loudred,Pokémon Festa 06,https://pokeapi.co/api/v2/pokemon/294/
295,exploud,Pokémon Festa 07,https://pokeapi.co/api/v2/pokemon/295/
296,makuhita,Pokémon Festa 08,https://pokeapi.co/api/v2/pokemon/296/
297,hariyama,Pokémon Festa 09,https://pokeapi.co/api/v2/pokemon/297/
298,azurill,Pokémon Festa 10,https://pokeapi.co/api/v2/pokemon/298/
299,nosepass,Pokémon Festa 11,https://pokeapi.co/api/v2/pokemon/299/
300,skitty,Pokémon Festa 12,https://pokeapi.co/api/v2/pokemon/300/
301,delcatty,Pokémon Festa 13,https://pokeapi.co/api/v2/pokemon/301/
302,sableye,Pokémon Festa 14,https://pokeapi.co/api/v2/pokemon/302/
303,mawile,Pokémon Festa 15,https://pokeapi.co/api/v2/pokemon/303/
304,aron,Pokémon Festa 16,https://pokeapi.co/api/v2/pokemon/304/
305,lairon,POKéPARK,https://pokeapi.co/api/v2/pokemon/305/
306,aggron,POKéPARK 06,https://pokeapi.co/api/v2/pokemon/306/
307,meditite,POKéPARK 07,https://pokeapi.co/api/v2/pokemon/307/
308,medicham,POKéPARK 08,https://pokeapi.co/api/v2/pokemon/308/
309,electrike,POKéPARK 09,https://pokeapi.co/api/v2/pokemon/309/
310,manectric,POKéPARK 10,https://pokeapi.co/api/v2/pokemon/310/
311,plusle,POKéPARK 11,https://pokeapi.co/api/v2/pokemon/311/
312,minun,POKéPARK 12,https://pokeapi.co/api/v2/pokemon/312/
313,volbeat,POKéPARK 13,https://pokeapi.co/api/v2/pokemon/313/
314,illumise,POKéPARK 14,https://pokeapi.co/api/v2/pokemon/314/
315,roselia,POKéPARK 15,https://pokeapi.co/api/v2/pokemon/315/
316,gulpin,POKéPARK 16,https://pokeapi.co/api/v2/pokemon/316/
317,swalot,Pokémon Center,https://pokeapi.co/api/v2/pokemon/317/
318,carvanha,PC Tokyo,https://pokeapi.co/api/v2/pokemon/318/
319,sharpedo,PC Osaka,https://pokeapi.co/api/v2/pokemon/319/
320,wailmer,PC Fukuoka,https://pokeapi.co/api/v2/pokemon/320/
321,wailord,PC Nagoya,https://pokeapi.co/api/v2/pokemon/321/
322,numel,PC Sapporo,https://pokeapi.co/api/v2/pokemon/322/
323,camerupt,PC Yokohama,https://pokeapi.co/api/v2/pokemon/323/
324,torkoal,Nintendo World,https://pokeapi.co/api/v2/pokemon/324/
325,spoink,Pokémon Event,https://pokeapi.co/api/v2/pokemon/325/
326,grumpig,Pokémon Event 06,https://pokeapi.co/api/v2/pokemon/326/
327,spinda,Pokémon Event 07,https://pokeapi.co/api/v2/pokemon/327/
328,trapinch,Pokémon Event 08,https://pokeapi.co/api/v2/pokemon/328/
329,vibrava,Pokémon Event 09,https://pokeapi.co/api/v2/pokemon/329/
330,flygon,Pokémon Event 10,https://pokeapi.co/api/v2/pokemon/330/
331,cacnea,Pokémon Event 11,https://pokeapi.co/api/v2/pokemon/331/
332,cacturne,Pokémon Event 12,https://pokeapi.co/api/v2/pokemon/332/
333,swablu,Pokémon Event 13,https://pokeapi.co/api/v2/pokemon/333/
334,altaria,Pokémon Event 14,https://pokeapi.co/api/v2/pokemon/334/
335,zangoose,Pokémon Event 15,https://pokeapi.co/api/v2/pokemon/335/
336,seviper,Pokémon Event 16,https://pokeapi.co/api/v2/pokemon/336/
337,lunatone,Wi-Fi Event,https://pokeapi.co/api/v2/pokemon/337/
338,solrock,Wi-Fi Gift,https://pokeapi.co/api/v2/pokemon/338/
339,barboach,Pokémon Fan Club,https://pokeapi.co/api/v2/pokemon/339/
340,whiscash,Event Site,https://pokeapi.co/api/v2/pokemon/340/
341,corphish,Concert Event,https://pokeapi.co/api/v2/pokemon/341/
342,crawdaunt,Mr. Pokémon,https://pokeapi.co/api/v2/pokemon/342/
343,baltoy,Primo,https://pokeapi.co/api/v2/pokemon/343/
344,claydol,Mystery Zone,https://pokeapi.co/api/v2/pokemon/344/
345,lileep,Faraway place,https://pokeapi.co/api/v2/pokemon/345/
346,cradily,Nuvema Town,https://pokeapi.co/api/v2/pokemon/346/
347,anorith,Accumula Town,https://pokeapi.co/api/v2/pokemon/347/
348,armaldo,Striaton City,https://pokeapi.co/api/v2/pokemon/348/
349,feebas,Nacrene City,https://pokeapi.co/api/v2/pokemon/349/
350,milotic,Castelia City,https://pokeapi.co/api/v2/pokemon/350/
351,castform,Nimbasa City,https://pokeapi.co/api/v2/pokemon/351/
352,kecleon,Driftveil City,https://pokeapi.co/api/v2/pokemon/352/
353,shuppet,Mistralton City,https://pokeapi.co/api/v2/pokemon/353/
354,banette,Icirrus City,https://pokeapi.co/api/v2/pokemon/354/
355,duskull,Opelucid City,https://pokeapi.co/api/v2/pokemon/355/
356,dusclops,Route 1,https://pokeapi.co/api/v2/pokemon/356/
357,tropius,Route 2,https://pokeapi.co/api/v2/pokemon/357/
358,chimecho,Route 3,https://pokeapi.co/api/v2/pokemon/358/
359,absol,Route 4,https://pokeapi.co/api/v2/pokemon/359/
360,wynaut,Route 5,https://pokeapi.co/api/v2/pokemon/360/
361,snorunt,Route 6,https://pokeapi.co/api/v2/pokemon/361/
362,glalie,Route 7,https://pokeapi.co/api/v2/pokemon/362/
363,spheal,Route 8,https://pokeapi.co/api/v2/pokemon/363/
364,sealeo,Route 9,https://pokeapi.co/api/v2/pokemon/364/
365,walrein,Route 10,https://pokeapi.co/api/v2/pokemon/365/
366,clamperl,Route 11,https://pokeapi.co/api/v2/pokemon/366/
367,huntail,Route 12,https://pokeapi.co/api/v2/pokemon/367/
368,gorebyss,Route 13,https://pokeapi.co/api/v2/pokemon/368/
369,relicanth,Route 14,https://pokeapi.co/api/v2/pokemon/369/
370,luvdisc,Route 15,https://pokeapi.co/api/v2/pokemon/370/
371,bagon,Route 16,https://pokeapi.co/api/v2/pokemon/371/
372,shelgon,Route 17,https://pokeapi.co/api/v2/pokemon/372/
373,salamence,Route 18,https://pokeapi.co/api/v2/pokemon/373/
374,beldum,Dreamyard,https://pokeapi.co/api/v2/pokemon/374/
375,metang,Pinwheel Forest,https://pokeapi.co/api/v2/pokemon/375/
376,metagross,Desert Resort,https://pokeapi.co/api/v2/pokemon/376/
377,regirock,Relic Castle,https://pokeapi.co/api/v2/pokemon/377/
378,regice,Cold Storage,https://pokeapi.co/api/v2/pokemon/378/
379,registeel,Chargestone Cave,https://pokeapi.co/api/v2/pokemon/379/
380,latias,Twist Mountain,https://pokeapi.co/api/v2/pokemon/380/
381,latios,Dragonspiral Tower,https://pokeapi.co/api/v2/pokemon/381/
382,kyogre,Victory Road,https://pokeapi.co/api/v2/pokemon/382/
383,groudon,Lacunosa Town,https://pokeapi.co/api/v2/pokemon/383/
384,rayquaza,Undella Town,https://pokeapi.co/api/v2/pokemon/384/
385,jirachi,Anville Town,https://pokeapi.co/api/v2/pokemon/385/
386,deoxys-normal,Pokémon League,https://pokeapi.co/api/v2/pokemon/386/
387,turtwig,N's Castle,https://pokeapi.co/api/v2/pokemon/387/
388,grotle,Royal Unova,https://pokeapi.co/api/v2/pokemon/388/
389,torterra,Gear Station,https://pokeapi.co/api/v2/pokemon/389/
390,chimchar,Battle Subway,https://pokeapi.co/api/v2/pokemon/390/
391,monferno,Musical Theater,https://pokeapi.co/api/v2/pokemon/391/
392,infernape,Black City,https://pokeapi.co/api/v2/pokemon/392/
393,piplup,White Forest,https://pokeapi.co/api/v2/pokemon/393/
394,prinplup,Unity Tower,https://pokeapi.co/api/v2/pokemon/394/
395,empoleon,Wellspring Cave,https://pokeapi.co/api/v2/pokemon/395/
396,starly,Mistralton Cave,https://pokeapi.co/api/v2/pokemon/396/
397,staravia,Rumination Field,https://pokeapi.co/api/v2/pokemon/397/
398,staraptor,Celestial Tower,https://pokeapi.co/api/v2/pokemon/398/
399,bidoof,Moor of Icirrus,https://pokeapi.co/api/v2/pokemon/399/
400,bibarel,Shopping Mall,https://pokeapi.co/api/v2/pokemon/400/
401,kricketot,Challenger's Cave,https://pokeapi.co/api/v2/pokemon/401/
402,kricketune,Poké Transfer Lab,https://pokeapi.co/api/v2/pokemon/402/
403,shinx,Giant Chasm,https://pokeapi.co/api/v2/pokemon/403/
404,luxio,Liberty Garden,https://pokeapi.co/api/v2/pokemon/404/
405,luxray,P2 Laboratory,https://pokeapi.co/api/v2/pokemon/405/
406,budew,Skyarrow Bridge,https://pokeapi.co/api/v2/pokemon/406/
407,roserade,Driftveil Drawbridge,https://pokeapi.co/api/v2/pokemon/407/
408,cranidos,Tubeline Bridge,https://pokeapi.co/api/v2/pokemon/408/
409,rampardos,Village Bridge,https://pokeapi.co/api/v2/pokemon/409/
410,shieldon,Marvelous Bridge,https://pokeapi.co/api/v2/pokemon/410/
411,bastiodon,Entralink,https://pokeapi.co/api/v2/pokemon/411/
412,burmy,Abundant Shrine,https://pokeapi.co/api/v2/pokemon/412/
413,wormadam-plant,Undella Bay,https://pokeapi.co/api/v2/pokemon/413/
414,mothim,Lostlorn Forest,https://pokeapi.co/api/v2/pokemon/414/
415,combee,Trial Chamber,https://pokeapi.co/api/v2/pokemon/415/
416,vespiquen,Guidance Chamber,https://pokeapi.co/api/v2/pokemon/416/
417,pachirisu,Entree Forest,https://pokeapi.co/api/v2/pokemon/417/
418,buizel,Accumula Gate,https://pokeapi.co/api/v2/pokemon/418/
419,floatzel,Undella Gate,https://pokeapi.co/api/v2/pokemon/419/
420,cherubi,Nacrene Gate,https://pokeapi.co/api/v2/pokemon/420/
421,cherrim,Castelia Gate,https://pokeapi.co/api/v2/pokemon/421/
422,shellos,Nimbasa Gate,https://pokeapi.co/api/v2/pokemon/422/
423,gastrodon,Opelucid Gate,https://pokeapi.co/api/v2/pokemon/423/
424,ambipom,Black Gate,https://pokeapi.co/api/v2/pokemon/424/
425,drifloon,White Gate,https://pokeapi.co/api/v2/pokemon/425/
426,drifblim,Bridge Gate,https://pokeapi.co/api/v2/pokemon/426/
427,buneary,Route Gate,https://pokeapi.co/api/v2/pokemon/427/
428,lopunny,Abyssal Ruins,https://pokeapi.co/api/v2/pokemon/428/
429,mismagius,Petalburg City,https://pokeapi.co/api/v2/pokemon/429/
430,honchkrow,Slateport City,https://pokeapi.co/api/v2/pokemon/430/
431,glameow,Lilycove City,https://pokeapi.co/api/v2/pokemon/431/
432,purugly,Mossdeep City,https://pokeapi.co/api/v2/pokemon/432/
433,chingling,Sootopolis City,https://pokeapi.co/api/v2/pokemon/433/
434,stunky,Ever Grande City,https://pokeapi.co/api/v2/pokemon/434/
435,skuntank,Meteor Falls,https://pokeapi.co/api/v2/pokemon/435/
436,bronzor,Rusturf Tunnel,https://pokeapi.co/api/v2/pokemon/436/
437,bronzong,Granite Cave,https://pokeapi.co/api/v2/pokemon/437/
438,bonsly,Petalburg Woods,https://pokeapi.co/api/v2/pokemon/438/
439,mime-jr,Jagged Pass,https://pokeapi.co/api/v2/pokemon/439/
440,happiny,Fiery Path,https://pokeapi.co/api/v2/pokemon/440/
441,chatot,Mt. Pyre,https://pokeapi.co/api/v2/pokemon/441/
442,spiritomb,Seafloor Cavern,https://pokeapi.co/api/v2/pokemon/442/
443,gible,Cave of Origin,https://pokeapi.co/api/v2/pokemon/443/
444,gabite,Victory Road,https://pokeapi.co/api/v2/pokemon/444/
445,garchomp,Shoal Cave,https://pokeapi.co/api/v2/pokemon/445/
446,munchlax,New Mauville,https://pokeapi.co/api/v2/pokemon/446/
447,riolu,Abandoned Ship,https://pokeapi.co/api/v2/pokemon/447/
448,lucario,Sky Pillar,https://pokeapi.co/api/v2/pokemon/448/
449,hippopotas,Route 101,https://pokeapi.co/api/v2/pokemon/449/
450,hippowdon,Route 102,https://pokeapi.co/api/v2/pokemon/450/
451,skorupi,Route 103,https://pokeapi.co/api/v2/pokemon/451/
452,drapion,Route 104,https://pokeapi.co/api/v2/pokemon/452/
453,croagunk,Route 105,https://pokeapi.co/api/v2/pokemon/453/
454,toxicroak,Route 106,https://pokeapi.co/api/v2/pokemon/454/
455,carnivine,Route 107,https://pokeapi.co/api/v2/pokemon/455/
456,finneon,Route 108,https://pokeapi.co/api/v2/pokemon/456/
457,lumineon,Route 109,https://pokeapi.co/api/v2/pokemon/457/
458,mantyke,Route 110,https://pokeapi.co/api/v2/pokemon/458/
459,snover,Route 111,https://pokeapi.co/api/v2/pokemon/459/
460,abomasnow,Route 112,https://pokeapi.co/api/v2/pokemon/460/
461,weavile,Route 113,https://pokeapi.co/api/v2/pokemon/461/
462,magnezone,Route 114,https://pokeapi.co/api/v2/pokemon/462/
463,lickilicky,Route 115,https://pokeapi.co/api/v2/pokemon/463/
464,rhyperior,Route 116,https://pokeapi.co/api/v2/pokemon/464/
465,tangrowth,Route 117,https://pokeapi.co/api/v2/pokemon/465/
466,electivire,Route 118,https://pokeapi.co/api/v2/pokemon/466/
467,magmortar,Route 119,https://pokeapi.co/api/v2/pokemon/467/
468,togekiss,Route 120,https://pokeapi.co/api/v2/pokemon/468/
469,yanmega,Route 121,https://pokeapi.co/api/v2/pokemon/469/
470,leafeon,Route 122,https://pokeapi.co/api/v2/pokemon/470/
471,glaceon,Route 123,https://pokeapi.co/api/v2/pokemon/471/
472,gliscor,Route 124,https://pokeapi.co/api/v2/pokemon/472/
473,mamoswine,Route 125,https://pokeapi.co/api/v2/pokemon/473/
474,porygon-z,Route 126,https://pokeapi.co/api/v2/pokemon/474/
475,gallade,Route 127,https://pokeapi.co/api/v2/pokemon/475/
476,probopass,Route 128,https://pokeapi.co/api/v2/pokemon/476/
477,dusknoir,Route 129,https://pokeapi.co/api/v2/pokemon/477/
478,froslass,Route 130,https://pokeapi.co/api/v2/pokemon/478/
479,rotom,Route 131,https://pokeapi.co/api/v2/pokemon/479/
480,uxie,Route 132,https://pokeapi.co/api/v2/pokemon/480/
481,mesprit,Route 133,https://pokeapi.co/api/v2/pokemon/481/
482,azelf,Route 134,https://pokeapi.co/api/v2/pokemon/482/
483,dialga,Safari Zone,https://pokeapi.co/api/v2/pokemon/483/
484,palkia,Dewford Town,https://pokeapi.co/api/v2/pokemon/484/
485,heatran,Pacifidlog Town,https://pokeapi.co/api/v2/pokemon/485/
486,regigigas,Magma Hideout,https://pokeapi.co/api/v2/pokemon/486/
487,giratina-altered,Mirage Tower,https://pokeapi.co/api/v2/pokemon/487/
488,cresselia,Desert Underpass,https://pokeapi.co/api/v2/pokemon/488/
489,phione,Artisan Cave,https://pokeapi.co/api/v2/pokemon/489/
490,manaphy,Altering Cave,https://pokeapi.co/api/v2/pokemon/490/
491,darkrai,Monean Chamber,https://pokeapi.co/api/v2/pokemon/491/
492,shaymin-land,Liptoo Chamber,https://pokeapi.co/api/v2/pokemon/492/
493,arceus,Weepth Chamber,https://pokeapi.co/api/v2/pokemon/493/
494,victini,Dilford Chamber,https://pokeapi.co/api/v2/pokemon/494/
495,snivy,Scufib Chamber,https://pokeapi.co/api/v2/pokemon/495/
496,servine,Rixy Chamber,https://pokeapi.co/api/v2/pokemon/496/
497,serperior,Viapos Chamber,https://pokeapi.co/api/v2/pokemon/497/
498,tepig,S.S. Anne,https://pokeapi.co/api/v2/pokemon/498/
499,pignite,,https://pokeapi.co/api/v2/pokemon/499/
500,emboar,Mt. Ember,https://pokeapi.co/api/v2/pokemon/500/
501,oshawott,Berry Forest,https://pokeapi.co/api/v2/pokemon/501/
502,dewott,Icefall Cave,https://pokeapi.co/api/v2/pokemon/502/
503,samurott,Pattern Bush,https://pokeapi.co/api/v2/pokemon/503/
504,patrat,Lost Cave,https://pokeapi.co/api/v2/pokemon/504/
505,watchog,Kindle Road,https://pokeapi.co/api/v2/pokemon/505/
506,lillipup,Treasure Beach,https://pokeapi.co/api/v2/pokemon/506/
507,herdier,Cape Brink,https://pokeapi.co/api/v2/pokemon/507/
508,stoutland,Bond Bridge,https://pokeapi.co/api/v2/pokemon/508/
509,purrloin,Three Isle Port,https://pokeapi.co/api/v2/pokemon/509/
510,liepard,Resort Gorgeous,https://pokeapi.co/api/v2/pokemon/510/
511,pansage,Water Labyrinth,https://pokeapi.co/api/v2/pokemon/511/
512,simisage,Five Isle Meadow,https://pokeapi.co/api/v2/pokemon/512/
513,pansear,Memorial Pillar,https://pokeapi.co/api/v2/pokemon/513/
514,simisear,Outcast Island,https://pokeapi.co/api/v2/pokemon/514/
515,panpour,Green Path,https://pokeapi.co/api/v2/pokemon/515/
516,simipour,Water Path,https://pokeapi.co/api/v2/pokemon/516/
517,munna,Ruin Valley,https://pokeapi.co/api/v2/pokemon/517/
518,musharna,Trainer Tower,https://pokeapi.co/api/v2/pokemon/518/
519,pidove,Canyon Entrance,https://pokeapi.co/api/v2/pokemon/519/
520,tranquill,Sevault Canyon,https://pokeapi.co/api/v2/pokemon/520/
521,unfezant,Tanoby Ruins,https://pokeapi.co/api/v2/pokemon/521/
522,blitzle,,https://pokeapi.co/api/v2/pokemon/522/
523,zebstrika,,https://pokeapi.co/api/v2/pokemon/523/
524,roggenrola,,https://pokeapi.co/api/v2/pokemon/524/
525,boldore,,https://pokeapi.co/api/v2/pokemon/525/
526,gigalith,One Island,https://pokeapi.co/api/v2/pokemon/526/
527,woobat,Four Island,https://pokeapi.co/api/v2/pokemon/527/
528,swoobat,Five Island,https://pokeapi.co/api/v2/pokemon/528/
529,drilbur,Altering Cave,https://pokeapi.co/api/v2/pokemon/529/
530,excadrill,,https://pokeapi.co/api/v2/pokemon/530/
531,audino,Aspertia City,https://pokeapi.co/api/v2/pokemon/531/
532,timburr,Virbank City,https://pokeapi.co/api/v2/pokemon/532/
533,gurdurr,Humilau City,https://pokeapi.co/api/v2/pokemon/533/
534,conkeldurr,PokéStar Studios,https://pokeapi.co/api/v2/pokemon/534/
535,tympole,Join Avenue,https://pokeapi.co/api/v2/pokemon/535/
536,palpitoad,Floccesy Town,https://pokeapi.co/api/v2/pokemon/536/
537,seismitoad,Lentimas Town,https://pokeapi.co/api/v2/pokemon/537/
538,throh,Route 19,https://pokeapi.co/api/v2/pokemon/538/
539,sawk,Route 20,https://pokeapi.co/api/v2/pokemon/539/
540,sewaddle,Route 21,https://pokeapi.co/api/v2/pokemon/540/
541,swadloon,Route 22,https://pokeapi.co/api/v2/pokemon/541/
542,leavanny,Route 23,https://pokeapi.co/api/v2/pokemon/542/
543,venipede,Castelia Sewers,https://pokeapi.co/api/v2/pokemon/543/
544,whirlipede,Floccesy Ranch,https://pokeapi.co/api/v2/pokemon/544/
545,scolipede,Virbank Complex,https://pokeapi.co/api/v2/pokemon/545/
546,cottonee,Reversal Mountain,https://pokeapi.co/api/v2/pokemon/546/
547,whimsicott,Strange House,https://pokeapi.co/api/v2/pokemon/547/
548,petilil,Victory Road,https://pokeapi.co/api/v2/pokemon/548/
549,lilligant,Plasma Frigate,https://pokeapi.co/api/v2/pokemon/549/
550,basculin-red-striped,Relic Passage,https://pokeapi.co/api/v2/pokemon/550/
551,sandile,Clay Tunnel,https://pokeapi.co/api/v2/pokemon/551/
552,krokorok,White Treehollow,https://pokeapi.co/api/v2/pokemon/552/
553,krookodile,Black Tower,https://pokeapi.co/api/v2/pokemon/553/
554,darumaka,Seaside Cave,https://pokeapi.co/api/v2/pokemon/554/
555,darmanitan-standard,Cave of Being,https://pokeapi.co/api/v2/pokemon/555/
556,maractus,Hidden Grotto,https://pokeapi.co/api/v2/pokemon/556/
557,dwebble,Marine Tube,https://pokeapi.co/api/v2/pokemon/557/
558,crustle,Virbank Gate,https://pokeapi.co/api/v2/pokemon/558/
559,scraggy,Aspertia Gate,https://pokeapi.co/api/v2/pokemon/559/
560,scrafty,Nature Sanctuary,https://pokeapi.co/api/v2/pokemon/560/
561,sigilyph,Medal Secretariat,https://pokeapi.co/api/v2/pokemon/561/
562,yamask,Underground Ruins,https://pokeapi.co/api/v2/pokemon/562/
563,cofagrigus,Rocky Mountain Room,https://pokeapi.co/api/v2/pokemon/563/
564,tirtouga,Glacier Room,https://pokeapi.co/api/v2/pokemon/564/
565,carracosta,Iron Room,https://pokeapi.co/api/v2/pokemon/565/
566,archen,Pledge Grove,https://pokeapi.co/api/v2/pokemon/566/
567,archeops,Littleroot Town,https://pokeapi.co/api/v2/pokemon/567/
568,trubbish,Oldale Town,https://pokeapi.co/api/v2/pokemon/568/
569,garbodor,Lavaridge Town,https://pokeapi.co/api/v2/pokemon/569/
570,zorua,Fallarbor Town,https://pokeapi.co/api/v2/pokemon/570/
571,zoroark,Verdanturf Town,https://pokeapi.co/api/v2/pokemon/571/
572,minccino,Mauville City,https://pokeapi.co/api/v2/pokemon/572/
573,cinccino,Rustboro City,https://pokeapi.co/api/v2/pokemon/573/
574,gothita,Fortree City,https://pokeapi.co/api/v2/pokemon/574/
575,gothorita,Underwater,https://pokeapi.co/api/v2/pokemon/575/
576,gothitelle,Mt. Chimney,https://pokeapi.co/api/v2/pokemon/576/
577,solosis,Mirage Island,https://pokeapi.co/api/v2/pokemon/577/
578,duosion,Southern Island,https://pokeapi.co/api/v2/pokemon/578/
579,reuniclus,Sealed Chamber,https://pokeapi.co/api/v2/pokemon/579/
580,ducklett,Scorched Slab,https://pokeapi.co/api/v2/pokemon/580/
581,swanna,Island Cave,https://pokeapi.co/api/v2/pokemon/581/
582,vanillite,Desert Ruins,https://pokeapi.co/api/v2/pokemon/582/
583,vanillish,Ancient Tomb,https://pokeapi.co/api/v2/pokemon/583/
584,vanilluxe,???,https://pokeapi.co/api/v2/pokemon/584/
585,deerling,Secret Base,https://pokeapi.co/api/v2/pokemon/585/
586,sawsbuck,Battle Tower,https://pokeapi.co/api/v2/pokemon/586/
587,emolga,Vaniville Town,https://pokeapi.co/api/v2/pokemon/587/
588,karrablast,Route 1,https://pokeapi.co/api/v2/pokemon/588/
589,escavalier,Vaniville Pathway,https://pokeapi.co/api/v2/pokemon/589/
590,foongus,Aquacorde Town,https://pokeapi.co/api/v2/pokemon/590/
591,amoonguss,Route 2,https://pokeapi.co/api/v2/pokemon/591/
592,frillish,Avance Trail,https://pokeapi.co/api/v2/pokemon/592/
593,jellicent,Santalune Forest,https://pokeapi.co/api/v2/pokemon/593/
594,alomomola,Route 3,https://pokeapi.co/api/v2/pokemon/594/
595,joltik,Ouvert Way,https://pokeapi.co/api/v2/pokemon/595/
596,galvantula,Santalune City,https://pokeapi.co/api/v2/pokemon/596/
597,ferroseed,Route 4,https://pokeapi.co/api/v2/pokemon/597/
598,ferrothorn,Parterre Way,https://pokeapi.co/api/v2/pokemon/598/
599,klink,Lumiose City,https://pokeapi.co/api/v2/pokemon/599/
600,klang,Prism Tower,https://pokeapi.co/api/v2/pokemon/600/
601,klinklang,Lysandre Labs,https://pokeapi.co/api/v2/pokemon/601/
602,tynamo,Route 5,https://pokeapi.co/api/v2/pokemon/602/
603,eelektrik,Versant Road,https://pokeapi.co/api/v2/pokemon/603/
604,eelektross,Camphrier Town,https://pokeapi.co/api/v2/pokemon/604/
605,elgyem,Shabboneau Castle,https://pokeapi.co/api/v2/pokemon/605/
606,beheeyem,Route 6,https://pokeapi.co/api/v2/pokemon/606/
607,litwick,Palais Lane,https://pokeapi.co/api/v2/pokemon/607/
608,lampent,Parfum Palace,https://pokeapi.co/api/v2/pokemon/608/
609,chandelure,Route 7,https://pokeapi.co/api/v2/pokemon/609/
610,axew,Rivière Walk,https://pokeapi.co/api/v2/pokemon/610/
611,fraxure,Cyllage City,https://pokeapi.co/api/v2/pokemon/611/
612,haxorus,Route 8,https://pokeapi.co/api/v2/pokemon/612/
613,cubchoo,Muraille Coast,https://pokeapi.co/api/v2/pokemon/613/
614,beartic,Ambrette Town,https://pokeapi.co/api/v2/pokemon/614/
615,cryogonal,Route 9,https://pokeapi.co/api/v2/pokemon/615/
616,shelmet,Spikes Passage,https://pokeapi.co/api/v2/pokemon/616/
617,accelgor,Battle Chateau,https://pokeapi.co/api/v2/pokemon/617/
618,stunfisk,Route 10,https://pokeapi.co/api/v2/pokemon/618/
619,mienfoo,Menhir Trail,https://pokeapi.co/api/v2/pokemon/619/
620,mienshao,Geosenge Town,https://pokeapi.co/api/v2/pokemon/620/
621,druddigon,Route 11,https://pokeapi.co/api/v2/pokemon/621/
622,golett,Miroir Way,https://pokeapi.co/api/v2/pokemon/622/
623,golurk,Reflection Cave,https://pokeapi.co/api/v2/pokemon/623/
624,pawniard,Shalour City,https://pokeapi.co/api/v2/pokemon/624/
625,bisharp,Tower of Mastery,https://pokeapi.co/api/v2/pokemon/625/
626,bouffalant,Route 12,https://pokeapi.co/api/v2/pokemon/626/
627,rufflet,Fourrage Road,https://pokeapi.co/api/v2/pokemon/627/
628,braviary,Coumarine City,https://pokeapi.co/api/v2/pokemon/628/
629,vullaby,Route 13,https://pokeapi.co/api/v2/pokemon/629/
630,mandibuzz,Lumiose Badlands,https://pokeapi.co/api/v2/pokemon/630/
631,heatmor,Route 14,https://pokeapi.co/api/v2/pokemon/631/
632,durant,Laverre Nature Trail,https://pokeapi.co/api/v2/pokemon/632/
633,deino,Laverre City,https://pokeapi.co/api/v2/pokemon/633/
634,zweilous,Poké Ball Factory,https://pokeapi.co/api/v2/pokemon/634/
635,hydreigon,Route 15,https://pokeapi.co/api/v2/pokemon/635/
636,larvesta,Brun Way,https://pokeapi.co/api/v2/pokemon/636/
637,volcarona,Dendemille Town,https://pokeapi.co/api/v2/pokemon/637/
638,cobalion,Route 16,https://pokeapi.co/api/v2/pokemon/638/
639,terrakion,Mélancolie Path,https://pokeapi.co/api/v2/pokemon/639/
640,virizion,Frost Cavern,https://pokeapi.co/api/v2/pokemon/640/
641,tornadus-incarnate,Route 17,https://pokeapi.co/api/v2/pokemon/641/
642,thundurus-incarnate,Mamoswine Road,https://pokeapi.co/api/v2/pokemon/642/
643,reshiram,Anistar City,https://pokeapi.co/api/v2/pokemon/643/
644,zekrom,Route 18,https://pokeapi.co/api/v2/pokemon/644/
645,landorus-incarnate,Vallée Étroite Way,https://pokeapi.co/api/v2/pokemon/645/
646,kyurem,Couriway Town,https://pokeapi.co/api/v2/pokemon/646/
647,keldeo-ordinary,Route 19,https://pokeapi.co/api/v2/pokemon/647/
648,meloetta-aria,Grande Vallée Way,https://pokeapi.co/api/v2/pokemon/648/
649,genesect,Snowbelle City,https://pokeapi.co/api/v2/pokemon/649/
650,chespin,Route 20,https://pokeapi.co/api/v2/pokemon/650/
651,quilladin,Winding Woods,https://pokeapi.co/api/v2/pokemon/651/
652,chesnaught,Pokémon Village,https://pokeapi.co/api/v2/pokemon/652/
653,fennekin,Route 21,https://pokeapi.co/api/v2/pokemon/653/
654,braixen,Dernière Way,https://pokeapi.co/api/v2/pokemon/654/
655,delphox,Route 22,https://pokeapi.co/api/v2/pokemon/655/
656,froakie,Détourner Way,https://pokeapi.co/api/v2/pokemon/656/
657,frogadier,Victory Road,https://pokeapi.co/api/v2/pokemon/657/
658,greninja,Pokémon League,https://pokeapi.co/api/v2/pokemon/658/
659,bunnelby,Kiloude City,https://pokeapi.co/api/v2/pokemon/659/
660,diggersby,Battle Maison,https://pokeapi.co/api/v2/pokemon/660/
661,fletchling,Azure Bay,https://pokeapi.co/api/v2/pokemon/661/
662,fletchinder,Dendemille Gate,https://pokeapi.co/api/v2/pokemon/662/
663,talonflame,Couriway Gate,https://pokeapi.co/api/v2/pokemon/663/
664,scatterbug,Ambrette Gate,https://pokeapi.co/api/v2/pokemon/664/
665,spewpa,Lumiose Gate,https://pokeapi.co/api/v2/pokemon/665/
666,vivillon,Shalour Gate,https://pokeapi.co/api/v2/pokemon/666/
667,litleo,Coumarine Gate,https://pokeapi.co/api/v2/pokemon/667/
668,pyroar,Laverre Gate,https://pokeapi.co/api/v2/pokemon/668/
669,flabebe,Anistar Gate,https://pokeapi.co/api/v2/pokemon/669/
670,floette,Snowbelle Gate,https://pokeapi.co/api/v2/pokemon/670/
671,florges,Glittering Cave,https://pokeapi.co/api/v2/pokemon/671/
672,skiddo,Connecting Cave,https://pokeapi.co/api/v2/pokemon/672/
673,gogoat,Zubat Roost,https://pokeapi.co/api/v2/pokemon/673/
674,pancham,Kalos Power Plant,https://pokeapi.co/api/v2/pokemon/674/
675,pangoro,Team Flare Secret HQ,https://pokeapi.co/api/v2/pokemon/675/
676,furfrou,Terminus Cave,https://pokeapi.co/api/v2/pokemon/676/
677,espurr,Lost Hotel,https://pokeapi.co/api/v2/pokemon/677/
678,meowstic-male,Chamber of Emptiness,https://pokeapi.co/api/v2/pokemon/678/
679,honedge,Sea Spirit’s Den,https://pokeapi.co/api/v2/pokemon/679/
680,doublade,Friend Safari,https://pokeapi.co/api/v2/pokemon/680/
681,aegislash-shield,Blazing Chamber,https://pokeapi.co/api/v2/pokemon/681/
682,spritzee,Flood Chamber,https://pokeapi.co/api/v2/pokemon/682/
683,aromatisse,Ironworks Chamber,https://pokeapi.co/api/v2/pokemon/683/
684,swirlix,Dragonmark Chamber,https://pokeapi.co/api/v2/pokemon/684/
685,slurpuff,Radiant Chamber,https://pokeapi.co/api/v2/pokemon/685/
686,inkay,Pokémon League Gate,https://pokeapi.co/api/v2/pokemon/686/
687,malamar,Lumiose Station,https://pokeapi.co/api/v2/pokemon/687/
688,binacle,Kiloude Station,https://pokeapi.co/api/v2/pokemon/688/
689,barbaracle,Ambrette Aquarium,https://pokeapi.co/api/v2/pokemon/689/
690,skrelp,Unknown Dungeon,https://pokeapi.co/api/v2/pokemon/690/
691,dragalge,Pokémon League,https://pokeapi.co/api/v2/pokemon/691/
692,clauncher,Team Aqua Hideout,https://pokeapi.co/api/v2/pokemon/692/
693,clawitzer,Sea Mauville,https://pokeapi.co/api/v2/pokemon/693/
694,helioptile,Team Magma Hideout,https://pokeapi.co/api/v2/pokemon/694/
695,heliolisk,Battle Resort,https://pokeapi.co/api/v2/pokemon/695/
696,tyrunt,S.S. Tidal,https://pokeapi.co/api/v2/pokemon/696/
697,tyrantrum,Mirage Forest,https://pokeapi.co/api/v2/pokemon/697/
698,amaura,Mirage Cave,https://pokeapi.co/api/v2/pokemon/698/
699,aurorus,Mirage Mountain,https://pokeapi.co/api/v2/pokemon/699/
700,sylveon,Trackless Forest,https://pokeapi.co/api/v2/pokemon/700/
701,hawlucha,Pathless Plain,https://pokeapi.co/api/v2/pokemon/701/
702,dedenne,Nameless Cavern,https://pokeapi.co/api/v2/pokemon/702/
703,carbink,Fabled Cave,https://pokeapi.co/api/v2/pokemon/703/
704,goomy,Gnarled Den,https://pokeapi.co/api/v2/pokemon/704/
705,sliggoo,Crescent Isle,https://pokeapi.co/api/v2/pokemon/705/
706,goodra,Secret Islet,https://pokeapi.co/api/v2/pokemon/706/
707,klefki,Soaring in the sky,https://pokeapi.co/api/v2/pokemon/707/
708,phantump,Secret Shore,https://pokeapi.co/api/v2/pokemon/708/
709,trevenant,Secret Meadow,https://pokeapi.co/api/v2/pokemon/709/
710,pumpkaboo-average,Route 1,https://pokeapi.co/api/v2/pokemon/710/
711,gourgeist-average,Route 1,https://pokeapi.co/api/v2/pokemon/711/
712,bergmite,Route 3,https://pokeapi.co/api/v2/pokemon/712/
713,avalugg,Route 2,https://pokeapi.co/api/v2/pokemon/713/
714,noibat,Kala’e Bay,https://pokeapi.co/api/v2/pokemon/714/
715,noivern,Melemele Sea,https://pokeapi.co/api/v2/pokemon/715/
716,xerneas,Hau’oli City,https://pokeapi.co/api/v2/pokemon/716/
717,yveltal,Hau’oli City,https://pokeapi.co/api/v2/pokemon/717/
718,zygarde-50,Hau’oli City,https://pokeapi.co/api/v2/pokemon/718/
719,diancie,Iki Town,https://pokeapi.co/api/v2/pokemon/719/
720,hoopa,Mahalo Trail,https://pokeapi.co/api/v2/pokemon/720/
721,volcanion,Mahalo Trail,https://pokeapi.co/api/v2/pokemon/721/
722,rowlet,Ruins of Conflict,https://pokeapi.co/api/v2/pokemon/722/
723,dartrix,Ten Carat Hill,https://pokeapi.co/api/v2/pokemon/723/
724,decidueye,Ten Carat Hill,https://pokeapi.co/api/v2/pokemon/724/
725,litten,Hau’oli Cemetery,https://pokeapi.co/api/v2/pokemon/725/
726,torracat,Melemele Meadow,https://pokeapi.co/api/v2/pokemon/726/
727,incineroar,Seaward Cave,https://pokeapi.co/api/v2/pokemon/727/
728,popplio,Berry Fields,https://pokeapi.co/api/v2/pokemon/728/
729,brionne,Verdant Cavern,https://pokeapi.co/api/v2/pokemon/729/
730,primarina,Verdant Cavern,https://pokeapi.co/api/v2/pokemon/730/
731,pikipek,Route 4,https://pokeapi.co/api/v2/pokemon/731/
732,trumbeak,Route 5,https://pokeapi.co/api/v2/pokemon/732/
733,toucannon,Route 6,https://pokeapi.co/api/v2/pokemon/733/
734,yungoos,Route 7,https://pokeapi.co/api/v2/pokemon/734/
735,gumshoos,Route 8,https://pokeapi.co/api/v2/pokemon/735/
736,grubbin,Route 9,https://pokeapi.co/api/v2/pokemon/736/
737,charjabug,Hano Grand Resort,https://pokeapi.co/api/v2/pokemon/737/
738,vikavolt,Hano Beach,https://pokeapi.co/api/v2/pokemon/738/
739,crabrawler,Akala Meadow,https://pokeapi.co/api/v2/pokemon/739/
740,crabominable,Paniola Town,https://pokeapi.co/api/v2/pokemon/740/
741,oricorio-baile,Heahea City,https://pokeapi.co/api/v2/pokemon/741/
742,cutiefly,Konikoni City,https://pokeapi.co/api/v2/pokemon/742/
743,ribombee,Royal Avenue,https://pokeapi.co/api/v2/pokemon/743/
744,rockruff,Memorial Hill,https://pokeapi.co/api/v2/pokemon/744/
745,lycanroc-midday,Paniola Ranch,https://pokeapi.co/api/v2/pokemon/745/
746,wishiwashi-solo,Wela Volcano Park,https://pokeapi.co/api/v2/pokemon/746/
747,mareanie,Wela Volcano Park,https://pokeapi.co/api/v2/pokemon/747/
748,toxapex,Brooklet Hill,https://pokeapi.co/api/v2/pokemon/748/
749,mudbray,Brooklet Hill,https://pokeapi.co/api/v2/pokemon/749/
750,mudsdale,Lush Jungle,https://pokeapi.co/api/v2/pokemon/750/
751,dewpider,Ruins of Life,https://pokeapi.co/api/v2/pokemon/751/
752,araquanid,Akala Outskirts,https://pokeapi.co/api/v2/pokemon/752/
753,fomantis,Diglett’s Tunnel,https://pokeapi.co/api/v2/pokemon/753/
754,lurantis,Battle Royal Dome,https://pokeapi.co/api/v2/pokemon/754/
755,morelull,Route 10,https://pokeapi.co/api/v2/pokemon/755/
756,shiinotic,Route 11,https://pokeapi.co/api/v2/pokemon/756/
757,salandit,Secluded Shore,https://pokeapi.co/api/v2/pokemon/757/
758,salazzle,Route 13,https://pokeapi.co/api/v2/pokemon/758/
759,stufful,Tapu Village,https://pokeapi.co/api/v2/pokemon/759/
760,bewear,Route 15,https://pokeapi.co/api/v2/pokemon/760/
761,bounsweet,Route 16,https://pokeapi.co/api/v2/pokemon/761/
762,steenee,Route 17,https://pokeapi.co/api/v2/pokemon/762/
763,tsareena,Route 12,https://pokeapi.co/api/v2/pokemon/763/
764,comfey,Haina Desert,https://pokeapi.co/api/v2/pokemon/764/
765,oranguru,Route 14,https://pokeapi.co/api/v2/pokemon/765/
766,passimian,Ula’ula Meadow,https://pokeapi.co/api/v2/pokemon/766/
767,wimpod,Po Town,https://pokeapi.co/api/v2/pokemon/767/
768,golisopod,Malie City,https://pokeapi.co/api/v2/pokemon/768/
769,sandygast,Malie Garden,https://pokeapi.co/api/v2/pokemon/769/
770,palossand,Mount Hokulani,https://pokeapi.co/api/v2/pokemon/770/
771,pyukumuku,Blush Mountain,https://pokeapi.co/api/v2/pokemon/771/
772,type-null,Ruins of Abundance,https://pokeapi.co/api/v2/pokemon/772/
773,silvally,Lake of the Sunne,https://pokeapi.co/api/v2/pokemon/773/
774,minior-red-meteor,Lake of the Moone,https://pokeapi.co/api/v2/pokemon/774/
775,komala,Mount Lanakila,https://pokeapi.co/api/v2/pokemon/775/
776,turtonator,Shady House,https://pokeapi.co/api/v2/pokemon/776/
777,togedemaru,Thrifty Megamart,https://pokeapi.co/api/v2/pokemon/777/
778,mimikyu-disguised,Hokulani Observatory,https://pokeapi.co/api/v2/pokemon/778/
779,bruxish,Pokémon League,https://pokeapi.co/api/v2/pokemon/779/
780,drampa,Poni Meadow,https://pokeapi.co/api/v2/pokemon/780/
781,dhelmise,Poni Wilds,https://pokeapi.co/api/v2/pokemon/781/
782,jangmo-o,Ancient Poni Path,https://pokeapi.co/api/v2/pokemon/782/
783,hakamo-o,Poni Breaker Coast,https://pokeapi.co/api/v2/pokemon/783/
784,kommo-o,Poni Grove,https://pokeapi.co/api/v2/pokemon/784/
785,tapu-koko,Poni Plains,https://pokeapi.co/api/v2/pokemon/785/
786,tapu-lele,Poni Coast,https://pokeapi.co/api/v2/pokemon/786/
787,tapu-bulu,Poni Gauntlet,https://pokeapi.co/api/v2/pokemon/787/
788,tapu-fini,Seafolk Village,https://pokeapi.co/api/v2/pokemon/788/
789,cosmog,Vast Poni Canyon,https://pokeapi.co/api/v2/pokemon/789/
790,cosmoem,Altar of the Sunne,https://pokeapi.co/api/v2/pokemon/790/
791,solgaleo,Altar of the Moone,https://pokeapi.co/api/v2/pokemon/791/
792,lunala,Ruins of Hope,https://pokeapi.co/api/v2/pokemon/792/
793,nihilego,Resolution Cave,https://pokeapi.co/api/v2/pokemon/793/
794,buzzwole,Exeggutor Island,https://pokeapi.co/api/v2/pokemon/794/
795,pheromosa,Battle Tree,https://pokeapi.co/api/v2/pokemon/795/
796,xurkitree,Aether Paradise,https://pokeapi.co/api/v2/pokemon/796/
797,celesteela,Ultra Space,https://pokeapi.co/api/v2/pokemon/797/
798,kartana,Malie City,https://pokeapi.co/api/v2/pokemon/798/
799,guzzlord,Roaming Kanto,https://pokeapi.co/api/v2/pokemon/799/
800,necrozma,Roaming Johto,https://pokeapi.co/api/v2/pokemon/800/
801,magearna,Roaming Hoenn,https://pokeapi.co/api/v2/pokemon/801/
802,marshadow,Roaming Sinnoh,https://pokeapi.co/api/v2/pokemon/802/
803,poipole,Terra Cave,https://pokeapi.co/api/v2/pokemon/803/
804,naganadel,Marine Cave,https://pokeapi.co/api/v2/pokemon/804/
805,stakataka,Two Island,https://pokeapi.co/api/v2/pokemon/805/
806,blacephalon,Three Island,https://pokeapi.co/api/v2/pokemon/806/
807,zeraora,Three Isle Path,https://pokeapi.co/api/v2/pokemon/807/
808,meltan,Six Island,https://pokeapi.co/api/v2/pokemon/808/
809,melmetal,Seven Island,https://pokeapi.co/api/v2/pokemon/809/
810,grookey,Birth Island,https://pokeapi.co/api/v2/pokemon/810/
811,thwackey,Navel Rock,https://pokeapi.co/api/v2/pokemon/811/
812,rillaboom,Faraway Island,https://pokeapi.co/api/v2/pokemon/812/
813,scorbunny,Hoenn Battle Frontier,https://pokeapi.co/api/v2/pokemon/813/
814,raboot,Johto Safari Zone,https://pokeapi.co/api/v2/pokemon/814/